"","Country","Year","Value.x","source.x","iso3c","Value.y","source.y","substance"
"1","China",1996,1.48,"Figure1-a","CHN",1.84,"Figure2-b","Organometallics"
"2","China",1996,1.48,"Figure1-a","CHN",8.57,"Figure2-d","Rare-earths"
"3","China",1997,1.77,"Figure1-a","CHN",2.83,"Figure2-b","Organometallics"
"4","China",1997,1.77,"Figure1-a","CHN",11.05,"Figure2-d","Rare-earths"
"5","China",1998,1.65,"Figure1-a","CHN",2.43,"Figure2-b","Organometallics"
"6","China",1998,1.65,"Figure1-a","CHN",8.65,"Figure2-d","Rare-earths"
"7","China",1999,1.95,"Figure1-a","CHN",2.55,"Figure2-b","Organometallics"
"8","China",1999,1.95,"Figure1-a","CHN",8.71,"Figure2-d","Rare-earths"
"9","China",2000,2.49,"Figure1-a","CHN",3.38,"Figure2-b","Organometallics"
"10","China",2000,2.49,"Figure1-a","CHN",8.73,"Figure2-d","Rare-earths"
"11","China",2001,2.56,"Figure1-a","CHN",3.64,"Figure2-b","Organometallics"
"12","China",2001,2.56,"Figure1-a","CHN",7.53,"Figure2-d","Rare-earths"
"13","China",2002,3.23,"Figure1-a","CHN",3.7,"Figure2-b","Organometallics"
"14","China",2002,3.23,"Figure1-a","CHN",7.76,"Figure2-d","Rare-earths"
"15","China",2003,4.03,"Figure1-a","CHN",5.09,"Figure2-b","Organometallics"
"16","China",2003,4.03,"Figure1-a","CHN",13.18,"Figure2-d","Rare-earths"
"17","China",2004,4.7,"Figure1-a","CHN",5.45,"Figure2-b","Organometallics"
"18","China",2004,4.7,"Figure1-a","CHN",18.25,"Figure2-d","Rare-earths"
"19","China",2005,5.34,"Figure1-a","CHN",5.9,"Figure2-b","Organometallics"
"20","China",2005,5.34,"Figure1-a","CHN",16.97,"Figure2-d","Rare-earths"
"21","China",2006,6.46,"Figure1-a","CHN",7.68,"Figure2-b","Organometallics"
"22","China",2006,6.46,"Figure1-a","CHN",18.63,"Figure2-d","Rare-earths"
"23","China",2007,7.33,"Figure1-a","CHN",8.01,"Figure2-b","Organometallics"
"24","China",2007,7.33,"Figure1-a","CHN",20.81,"Figure2-d","Rare-earths"
"25","China",2008,8.86,"Figure1-a","CHN",7.99,"Figure2-b","Organometallics"
"26","China",2008,8.86,"Figure1-a","CHN",19.84,"Figure2-d","Rare-earths"
"27","China",2009,10.42,"Figure1-a","CHN",8.36,"Figure2-b","Organometallics"
"28","China",2009,10.42,"Figure1-a","CHN",24.84,"Figure2-d","Rare-earths"
"29","China",2010,12.54,"Figure1-a","CHN",8.93,"Figure2-b","Organometallics"
"30","China",2010,12.54,"Figure1-a","CHN",26.25,"Figure2-d","Rare-earths"
"31","China",2011,14.55,"Figure1-a","CHN",10.63,"Figure2-b","Organometallics"
"32","China",2011,14.55,"Figure1-a","CHN",28.04,"Figure2-d","Rare-earths"
"33","China",2012,16.78,"Figure1-a","CHN",10.24,"Figure2-b","Organometallics"
"34","China",2012,16.78,"Figure1-a","CHN",32.49,"Figure2-d","Rare-earths"
"35","China",2013,19.52,"Figure1-a","CHN",11.5,"Figure2-b","Organometallics"
"36","China",2013,19.52,"Figure1-a","CHN",35.88,"Figure2-d","Rare-earths"
"37","China",2014,22.23,"Figure1-a","CHN",12.44,"Figure2-b","Organometallics"
"38","China",2014,22.23,"Figure1-a","CHN",37.94,"Figure2-d","Rare-earths"
"39","China",2015,23.82,"Figure1-a","CHN",13.39,"Figure2-b","Organometallics"
"40","China",2015,23.82,"Figure1-a","CHN",41.13,"Figure2-d","Rare-earths"
"41","China",2016,25.77,"Figure1-a","CHN",14.16,"Figure2-b","Organometallics"
"42","China",2016,25.77,"Figure1-a","CHN",38.79,"Figure2-d","Rare-earths"
"43","China",2017,27.29,"Figure1-a","CHN",14.22,"Figure2-b","Organometallics"
"44","China",2017,27.29,"Figure1-a","CHN",37.76,"Figure2-d","Rare-earths"
"45","China",2018,30.31,"Figure1-a","CHN",14.33,"Figure2-b","Organometallics"
"46","China",2018,30.31,"Figure1-a","CHN",36.03,"Figure2-d","Rare-earths"
"47","China",2019,33.11,"Figure1-a","CHN",15.22,"Figure2-b","Organometallics"
"48","China",2019,33.11,"Figure1-a","CHN",40.37,"Figure2-d","Rare-earths"
"49","China",2020,32.33,"Figure1-a","CHN",14.05,"Figure2-b","Organometallics"
"50","China",2020,32.33,"Figure1-a","CHN",35.64,"Figure2-d","Rare-earths"
"51","China",2021,36.41,"Figure1-a","CHN",15.99,"Figure2-b","Organometallics"
"52","China",2021,36.41,"Figure1-a","CHN",38.58,"Figure2-d","Rare-earths"
"53","China",2022,41.41,"Figure1-a","CHN",18.35,"Figure2-b","Organometallics"
"54","China",2022,41.41,"Figure1-a","CHN",38.23,"Figure2-d","Rare-earths"
"55","US",1996,22.61,"Figure1-a","USA",20.78,"Figure2-b","Organometallics"
"56","US",1996,22.61,"Figure1-a","USA",10.47,"Figure2-d","Rare-earths"
"57","US",1997,21.86,"Figure1-a","USA",19.11,"Figure2-b","Organometallics"
"58","US",1997,21.86,"Figure1-a","USA",10.17,"Figure2-d","Rare-earths"
"59","US",1998,22.4,"Figure1-a","USA",19.31,"Figure2-b","Organometallics"
"60","US",1998,22.4,"Figure1-a","USA",11.99,"Figure2-d","Rare-earths"
"61","US",1999,23.57,"Figure1-a","USA",19.28,"Figure2-b","Organometallics"
"62","US",1999,23.57,"Figure1-a","USA",15.65,"Figure2-d","Rare-earths"
"63","US",2000,23.21,"Figure1-a","USA",19.94,"Figure2-b","Organometallics"
"64","US",2000,23.21,"Figure1-a","USA",13.28,"Figure2-d","Rare-earths"
"65","US",2001,23.03,"Figure1-a","USA",19.72,"Figure2-b","Organometallics"
"66","US",2001,23.03,"Figure1-a","USA",9.39,"Figure2-d","Rare-earths"
"67","US",2002,23.59,"Figure1-a","USA",20.23,"Figure2-b","Organometallics"
"68","US",2002,23.59,"Figure1-a","USA",11.52,"Figure2-d","Rare-earths"
"69","US",2003,25.05,"Figure1-a","USA",19.99,"Figure2-b","Organometallics"
"70","US",2003,25.05,"Figure1-a","USA",9.42,"Figure2-d","Rare-earths"
"71","US",2004,24.73,"Figure1-a","USA",19.06,"Figure2-b","Organometallics"
"72","US",2004,24.73,"Figure1-a","USA",9.21,"Figure2-d","Rare-earths"
"73","US",2005,25.42,"Figure1-a","USA",19.52,"Figure2-b","Organometallics"
"74","US",2005,25.42,"Figure1-a","USA",9.82,"Figure2-d","Rare-earths"
"75","US",2006,25.19,"Figure1-a","USA",18.68,"Figure2-b","Organometallics"
"76","US",2006,25.19,"Figure1-a","USA",11.19,"Figure2-d","Rare-earths"
"77","US",2007,24.85,"Figure1-a","USA",17.61,"Figure2-b","Organometallics"
"78","US",2007,24.85,"Figure1-a","USA",10.12,"Figure2-d","Rare-earths"
"79","US",2008,22.89,"Figure1-a","USA",20.59,"Figure2-b","Organometallics"
"80","US",2008,22.89,"Figure1-a","USA",10.87,"Figure2-d","Rare-earths"
"81","US",2009,22.02,"Figure1-a","USA",18.44,"Figure2-b","Organometallics"
"82","US",2009,22.02,"Figure1-a","USA",10.26,"Figure2-d","Rare-earths"
"83","US",2010,20.8,"Figure1-a","USA",19.1,"Figure2-b","Organometallics"
"84","US",2010,20.8,"Figure1-a","USA",10.88,"Figure2-d","Rare-earths"
"85","US",2011,20.27,"Figure1-a","USA",18.06,"Figure2-b","Organometallics"
"86","US",2011,20.27,"Figure1-a","USA",11.56,"Figure2-d","Rare-earths"
"87","US",2012,18.65,"Figure1-a","USA",17.2,"Figure2-b","Organometallics"
"88","US",2012,18.65,"Figure1-a","USA",8.25,"Figure2-d","Rare-earths"
"89","US",2013,17.57,"Figure1-a","USA",16.15,"Figure2-b","Organometallics"
"90","US",2013,17.57,"Figure1-a","USA",9.33,"Figure2-d","Rare-earths"
"91","US",2014,16.22,"Figure1-a","USA",14.19,"Figure2-b","Organometallics"
"92","US",2014,16.22,"Figure1-a","USA",8.97,"Figure2-d","Rare-earths"
"93","US",2015,14.63,"Figure1-a","USA",14.22,"Figure2-b","Organometallics"
"94","US",2015,14.63,"Figure1-a","USA",7.35,"Figure2-d","Rare-earths"
"95","US",2016,14.94,"Figure1-a","USA",15.28,"Figure2-b","Organometallics"
"96","US",2016,14.94,"Figure1-a","USA",8.61,"Figure2-d","Rare-earths"
"97","US",2017,14.71,"Figure1-a","USA",15.87,"Figure2-b","Organometallics"
"98","US",2017,14.71,"Figure1-a","USA",7.98,"Figure2-d","Rare-earths"
"99","US",2018,14.37,"Figure1-a","USA",14.37,"Figure2-b","Organometallics"
"100","US",2018,14.37,"Figure1-a","USA",7.88,"Figure2-d","Rare-earths"
"101","US",2019,12.96,"Figure1-a","USA",14.45,"Figure2-b","Organometallics"
"102","US",2019,12.96,"Figure1-a","USA",6.98,"Figure2-d","Rare-earths"
"103","US",2020,13.67,"Figure1-a","USA",14.71,"Figure2-b","Organometallics"
"104","US",2020,13.67,"Figure1-a","USA",9.24,"Figure2-d","Rare-earths"
"105","US",2021,12.36,"Figure1-a","USA",13.92,"Figure2-b","Organometallics"
"106","US",2021,12.36,"Figure1-a","USA",6.75,"Figure2-d","Rare-earths"
"107","US",2022,10.82,"Figure1-a","USA",12.51,"Figure2-b","Organometallics"
"108","US",2022,10.82,"Figure1-a","USA",7.88,"Figure2-d","Rare-earths"
"109","India",1996,1.83,"Figure1-a","IND",3.01,"Figure2-b","Organometallics"
"110","India",1996,1.83,"Figure1-a","IND",4.86,"Figure2-d","Rare-earths"
"111","India",1997,1.96,"Figure1-a","IND",3.27,"Figure2-b","Organometallics"
"112","India",1997,1.96,"Figure1-a","IND",4.8,"Figure2-d","Rare-earths"
"113","India",1998,1.85,"Figure1-a","IND",2.31,"Figure2-b","Organometallics"
"114","India",1998,1.85,"Figure1-a","IND",4.87,"Figure2-d","Rare-earths"
"115","India",1999,2.05,"Figure1-a","IND",2.39,"Figure2-b","Organometallics"
"116","India",1999,2.05,"Figure1-a","IND",4.68,"Figure2-d","Rare-earths"
"117","India",2000,2.25,"Figure1-a","IND",3.05,"Figure2-b","Organometallics"
"118","India",2000,2.25,"Figure1-a","IND",4.43,"Figure2-d","Rare-earths"
"119","India",2001,2.81,"Figure1-a","IND",2.76,"Figure2-b","Organometallics"
"120","India",2001,2.81,"Figure1-a","IND",2.73,"Figure2-d","Rare-earths"
"121","India",2002,2.91,"Figure1-a","IND",3.15,"Figure2-b","Organometallics"
"122","India",2002,2.91,"Figure1-a","IND",3.31,"Figure2-d","Rare-earths"
"123","India",2003,3.14,"Figure1-a","IND",3.79,"Figure2-b","Organometallics"
"124","India",2003,3.14,"Figure1-a","IND",3.35,"Figure2-d","Rare-earths"
"125","India",2004,3.71,"Figure1-a","IND",3.96,"Figure2-b","Organometallics"
"126","India",2004,3.71,"Figure1-a","IND",5.95,"Figure2-d","Rare-earths"
"127","India",2005,3.62,"Figure1-a","IND",3.87,"Figure2-b","Organometallics"
"128","India",2005,3.62,"Figure1-a","IND",5.09,"Figure2-d","Rare-earths"
"129","India",2006,4.26,"Figure1-a","IND",4.5,"Figure2-b","Organometallics"
"130","India",2006,4.26,"Figure1-a","IND",4.31,"Figure2-d","Rare-earths"
"131","India",2007,4.67,"Figure1-a","IND",4.43,"Figure2-b","Organometallics"
"132","India",2007,4.67,"Figure1-a","IND",4.86,"Figure2-d","Rare-earths"
"133","India",2008,4.46,"Figure1-a","IND",4.06,"Figure2-b","Organometallics"
"134","India",2008,4.46,"Figure1-a","IND",4.58,"Figure2-d","Rare-earths"
"135","India",2009,4.99,"Figure1-a","IND",4.03,"Figure2-b","Organometallics"
"136","India",2009,4.99,"Figure1-a","IND",5.34,"Figure2-d","Rare-earths"
"137","India",2010,5.68,"Figure1-a","IND",5.15,"Figure2-b","Organometallics"
"138","India",2010,5.68,"Figure1-a","IND",5.83,"Figure2-d","Rare-earths"
"139","India",2011,5.97,"Figure1-a","IND",5.43,"Figure2-b","Organometallics"
"140","India",2011,5.97,"Figure1-a","IND",4.54,"Figure2-d","Rare-earths"
"141","India",2012,7.09,"Figure1-a","IND",5.71,"Figure2-b","Organometallics"
"142","India",2012,7.09,"Figure1-a","IND",4.44,"Figure2-d","Rare-earths"
"143","India",2013,7.9,"Figure1-a","IND",5.62,"Figure2-b","Organometallics"
"144","India",2013,7.9,"Figure1-a","IND",4.57,"Figure2-d","Rare-earths"
"145","India",2014,8.87,"Figure1-a","IND",7.23,"Figure2-b","Organometallics"
"146","India",2014,8.87,"Figure1-a","IND",6.64,"Figure2-d","Rare-earths"
"147","India",2015,8.5,"Figure1-a","IND",7.25,"Figure2-b","Organometallics"
"148","India",2015,8.5,"Figure1-a","IND",5.69,"Figure2-d","Rare-earths"
"149","India",2016,8.34,"Figure1-a","IND",6.96,"Figure2-b","Organometallics"
"150","India",2016,8.34,"Figure1-a","IND",7.01,"Figure2-d","Rare-earths"
"151","India",2017,8.12,"Figure1-a","IND",7.12,"Figure2-b","Organometallics"
"152","India",2017,8.12,"Figure1-a","IND",6.27,"Figure2-d","Rare-earths"
"153","India",2018,7.07,"Figure1-a","IND",6.62,"Figure2-b","Organometallics"
"154","India",2018,7.07,"Figure1-a","IND",6.92,"Figure2-d","Rare-earths"
"155","India",2019,7.26,"Figure1-a","IND",7.41,"Figure2-b","Organometallics"
"156","India",2019,7.26,"Figure1-a","IND",6.12,"Figure2-d","Rare-earths"
"157","India",2020,6.63,"Figure1-a","IND",6.85,"Figure2-b","Organometallics"
"158","India",2020,6.63,"Figure1-a","IND",6.54,"Figure2-d","Rare-earths"
"159","India",2021,6.35,"Figure1-a","IND",6.54,"Figure2-b","Organometallics"
"160","India",2021,6.35,"Figure1-a","IND",7.79,"Figure2-d","Rare-earths"
"161","India",2022,7.49,"Figure1-a","IND",8.87,"Figure2-b","Organometallics"
"162","India",2022,7.49,"Figure1-a","IND",9.8,"Figure2-d","Rare-earths"
"163","Japan",1996,12.39,"Figure1-a","JPN",5.14,"Figure2-b","Organometallics"
"164","Japan",1996,12.39,"Figure1-a","JPN",13.62,"Figure2-d","Rare-earths"
"165","Japan",1997,12.83,"Figure1-a","JPN",6.6,"Figure2-b","Organometallics"
"166","Japan",1997,12.83,"Figure1-a","JPN",12.35,"Figure2-d","Rare-earths"
"167","Japan",1998,13.17,"Figure1-a","JPN",7.69,"Figure2-b","Organometallics"
"168","Japan",1998,13.17,"Figure1-a","JPN",14.91,"Figure2-d","Rare-earths"
"169","Japan",1999,12.4,"Figure1-a","JPN",6.64,"Figure2-b","Organometallics"
"170","Japan",1999,12.4,"Figure1-a","JPN",11.3,"Figure2-d","Rare-earths"
"171","Japan",2000,14.37,"Figure1-a","JPN",9.17,"Figure2-b","Organometallics"
"172","Japan",2000,14.37,"Figure1-a","JPN",13.26,"Figure2-d","Rare-earths"
"173","Japan",2001,14.27,"Figure1-a","JPN",9.49,"Figure2-b","Organometallics"
"174","Japan",2001,14.27,"Figure1-a","JPN",14.53,"Figure2-d","Rare-earths"
"175","Japan",2002,13.34,"Figure1-a","JPN",8.98,"Figure2-b","Organometallics"
"176","Japan",2002,13.34,"Figure1-a","JPN",11.94,"Figure2-d","Rare-earths"
"177","Japan",2003,12.31,"Figure1-a","JPN",8.31,"Figure2-b","Organometallics"
"178","Japan",2003,12.31,"Figure1-a","JPN",15.07,"Figure2-d","Rare-earths"
"179","Japan",2004,12.36,"Figure1-a","JPN",8.48,"Figure2-b","Organometallics"
"180","Japan",2004,12.36,"Figure1-a","JPN",9.36,"Figure2-d","Rare-earths"
"181","Japan",2005,11.53,"Figure1-a","JPN",8.48,"Figure2-b","Organometallics"
"182","Japan",2005,11.53,"Figure1-a","JPN",10.4,"Figure2-d","Rare-earths"
"183","Japan",2006,11.25,"Figure1-a","JPN",7.92,"Figure2-b","Organometallics"
"184","Japan",2006,11.25,"Figure1-a","JPN",12.37,"Figure2-d","Rare-earths"
"185","Japan",2007,10.85,"Figure1-a","JPN",8.49,"Figure2-b","Organometallics"
"186","Japan",2007,10.85,"Figure1-a","JPN",10.1,"Figure2-d","Rare-earths"
"187","Japan",2008,10.56,"Figure1-a","JPN",7.6,"Figure2-b","Organometallics"
"188","Japan",2008,10.56,"Figure1-a","JPN",11.15,"Figure2-d","Rare-earths"
"189","Japan",2009,10.49,"Figure1-a","JPN",8.82,"Figure2-b","Organometallics"
"190","Japan",2009,10.49,"Figure1-a","JPN",8.08,"Figure2-d","Rare-earths"
"191","Japan",2010,8.78,"Figure1-a","JPN",6.88,"Figure2-b","Organometallics"
"192","Japan",2010,8.78,"Figure1-a","JPN",7.25,"Figure2-d","Rare-earths"
"193","Japan",2011,8.73,"Figure1-a","JPN",6.08,"Figure2-b","Organometallics"
"194","Japan",2011,8.73,"Figure1-a","JPN",7.24,"Figure2-d","Rare-earths"
"195","Japan",2012,9.12,"Figure1-a","JPN",6.44,"Figure2-b","Organometallics"
"196","Japan",2012,9.12,"Figure1-a","JPN",5.21,"Figure2-d","Rare-earths"
"197","Japan",2013,8.2,"Figure1-a","JPN",7.28,"Figure2-b","Organometallics"
"198","Japan",2013,8.2,"Figure1-a","JPN",5.24,"Figure2-d","Rare-earths"
"199","Japan",2014,7.54,"Figure1-a","JPN",6.28,"Figure2-b","Organometallics"
"200","Japan",2014,7.54,"Figure1-a","JPN",3.82,"Figure2-d","Rare-earths"
"201","Japan",2015,7.56,"Figure1-a","JPN",6.74,"Figure2-b","Organometallics"
"202","Japan",2015,7.56,"Figure1-a","JPN",3.21,"Figure2-d","Rare-earths"
"203","Japan",2016,7.01,"Figure1-a","JPN",6.37,"Figure2-b","Organometallics"
"204","Japan",2016,7.01,"Figure1-a","JPN",3.5,"Figure2-d","Rare-earths"
"205","Japan",2017,7.01,"Figure1-a","JPN",5.5,"Figure2-b","Organometallics"
"206","Japan",2017,7.01,"Figure1-a","JPN",3.93,"Figure2-d","Rare-earths"
"207","Japan",2018,6.69,"Figure1-a","JPN",5.76,"Figure2-b","Organometallics"
"208","Japan",2018,6.69,"Figure1-a","JPN",4.26,"Figure2-d","Rare-earths"
"209","Japan",2019,6.24,"Figure1-a","JPN",6.02,"Figure2-b","Organometallics"
"210","Japan",2019,6.24,"Figure1-a","JPN",4.28,"Figure2-d","Rare-earths"
"211","Japan",2020,6.34,"Figure1-a","JPN",5.37,"Figure2-b","Organometallics"
"212","Japan",2020,6.34,"Figure1-a","JPN",5.12,"Figure2-d","Rare-earths"
"213","Japan",2021,5.94,"Figure1-a","JPN",5.67,"Figure2-b","Organometallics"
"214","Japan",2021,5.94,"Figure1-a","JPN",3.93,"Figure2-d","Rare-earths"
"215","Japan",2022,5.07,"Figure1-a","JPN",4.85,"Figure2-b","Organometallics"
"216","Japan",2022,5.07,"Figure1-a","JPN",4.1,"Figure2-d","Rare-earths"
"217","Germany",1996,7.54,"Figure1-a","DEU",12.19,"Figure2-b","Organometallics"
"218","Germany",1996,7.54,"Figure1-a","DEU",11.05,"Figure2-d","Rare-earths"
"219","Germany",1997,8.86,"Figure1-a","DEU",12.93,"Figure2-b","Organometallics"
"220","Germany",1997,8.86,"Figure1-a","DEU",11.65,"Figure2-d","Rare-earths"
"221","Germany",1998,8.3,"Figure1-a","DEU",13.79,"Figure2-b","Organometallics"
"222","Germany",1998,8.3,"Figure1-a","DEU",8.15,"Figure2-d","Rare-earths"
"223","Germany",1999,8.11,"Figure1-a","DEU",12.4,"Figure2-b","Organometallics"
"224","Germany",1999,8.11,"Figure1-a","DEU",8.88,"Figure2-d","Rare-earths"
"225","Germany",2000,7.93,"Figure1-a","DEU",11.52,"Figure2-b","Organometallics"
"226","Germany",2000,7.93,"Figure1-a","DEU",7.76,"Figure2-d","Rare-earths"
"227","Germany",2001,7.49,"Figure1-a","DEU",12.19,"Figure2-b","Organometallics"
"228","Germany",2001,7.49,"Figure1-a","DEU",8.67,"Figure2-d","Rare-earths"
"229","Germany",2002,6.76,"Figure1-a","DEU",12.04,"Figure2-b","Organometallics"
"230","Germany",2002,6.76,"Figure1-a","DEU",8.42,"Figure2-d","Rare-earths"
"231","Germany",2003,6.69,"Figure1-a","DEU",11.14,"Figure2-b","Organometallics"
"232","Germany",2003,6.69,"Figure1-a","DEU",7.01,"Figure2-d","Rare-earths"
"233","Germany",2004,6.64,"Figure1-a","DEU",10.87,"Figure2-b","Organometallics"
"234","Germany",2004,6.64,"Figure1-a","DEU",6.69,"Figure2-d","Rare-earths"
"235","Germany",2005,6.55,"Figure1-a","DEU",9.49,"Figure2-b","Organometallics"
"236","Germany",2005,6.55,"Figure1-a","DEU",6.87,"Figure2-d","Rare-earths"
"237","Germany",2006,6.2,"Figure1-a","DEU",8.78,"Figure2-b","Organometallics"
"238","Germany",2006,6.2,"Figure1-a","DEU",8.46,"Figure2-d","Rare-earths"
"239","Germany",2007,5.76,"Figure1-a","DEU",9.38,"Figure2-b","Organometallics"
"240","Germany",2007,5.76,"Figure1-a","DEU",9.15,"Figure2-d","Rare-earths"
"241","Germany",2008,5.94,"Figure1-a","DEU",9.41,"Figure2-b","Organometallics"
"242","Germany",2008,5.94,"Figure1-a","DEU",6.86,"Figure2-d","Rare-earths"
"243","Germany",2009,5.76,"Figure1-a","DEU",10.1,"Figure2-b","Organometallics"
"244","Germany",2009,5.76,"Figure1-a","DEU",7.76,"Figure2-d","Rare-earths"
"245","Germany",2010,5.77,"Figure1-a","DEU",9.08,"Figure2-b","Organometallics"
"246","Germany",2010,5.77,"Figure1-a","DEU",6.56,"Figure2-d","Rare-earths"
"247","Germany",2011,5.94,"Figure1-a","DEU",9.34,"Figure2-b","Organometallics"
"248","Germany",2011,5.94,"Figure1-a","DEU",5.79,"Figure2-d","Rare-earths"
"249","Germany",2012,6.04,"Figure1-a","DEU",9.69,"Figure2-b","Organometallics"
"250","Germany",2012,6.04,"Figure1-a","DEU",5,"Figure2-d","Rare-earths"
"251","Germany",2013,6.43,"Figure1-a","DEU",9.99,"Figure2-b","Organometallics"
"252","Germany",2013,6.43,"Figure1-a","DEU",5.81,"Figure2-d","Rare-earths"
"253","Germany",2014,5.9,"Figure1-a","DEU",10.38,"Figure2-b","Organometallics"
"254","Germany",2014,5.9,"Figure1-a","DEU",4.96,"Figure2-d","Rare-earths"
"255","Germany",2015,6.06,"Figure1-a","DEU",10.43,"Figure2-b","Organometallics"
"256","Germany",2015,6.06,"Figure1-a","DEU",5.53,"Figure2-d","Rare-earths"
"257","Germany",2016,5.89,"Figure1-a","DEU",9.61,"Figure2-b","Organometallics"
"258","Germany",2016,5.89,"Figure1-a","DEU",4.27,"Figure2-d","Rare-earths"
"259","Germany",2017,6,"Figure1-a","DEU",10.81,"Figure2-b","Organometallics"
"260","Germany",2017,6,"Figure1-a","DEU",6.51,"Figure2-d","Rare-earths"
"261","Germany",2018,5.89,"Figure1-a","DEU",10.15,"Figure2-b","Organometallics"
"262","Germany",2018,5.89,"Figure1-a","DEU",7,"Figure2-d","Rare-earths"
"263","Germany",2019,5.89,"Figure1-a","DEU",10.77,"Figure2-b","Organometallics"
"264","Germany",2019,5.89,"Figure1-a","DEU",6.23,"Figure2-d","Rare-earths"
"265","Germany",2020,6,"Figure1-a","DEU",11.08,"Figure2-b","Organometallics"
"266","Germany",2020,6,"Figure1-a","DEU",5.33,"Figure2-d","Rare-earths"
"267","Germany",2021,6.01,"Figure1-a","DEU",12.85,"Figure2-b","Organometallics"
"268","Germany",2021,6.01,"Figure1-a","DEU",5.39,"Figure2-d","Rare-earths"
"269","Germany",2022,4.95,"Figure1-a","DEU",11.4,"Figure2-b","Organometallics"
"270","Germany",2022,4.95,"Figure1-a","DEU",4.26,"Figure2-d","Rare-earths"
"271","Russia",1996,1.6,"Figure1-a","RUS",1.5,"Figure2-b","Organometallics"
"272","Russia",1996,1.6,"Figure1-a","RUS",3.23,"Figure2-d","Rare-earths"
"273","Russia",1997,1.33,"Figure1-a","RUS",1.67,"Figure2-b","Organometallics"
"274","Russia",1997,1.33,"Figure1-a","RUS",3.08,"Figure2-d","Rare-earths"
"275","Russia",1998,1.48,"Figure1-a","RUS",1.46,"Figure2-b","Organometallics"
"276","Russia",1998,1.48,"Figure1-a","RUS",3.23,"Figure2-d","Rare-earths"
"277","Russia",1999,1.29,"Figure1-a","RUS",1.17,"Figure2-b","Organometallics"
"278","Russia",1999,1.29,"Figure1-a","RUS",3.27,"Figure2-d","Rare-earths"
"279","Russia",2000,1.95,"Figure1-a","RUS",1.78,"Figure2-b","Organometallics"
"280","Russia",2000,1.95,"Figure1-a","RUS",4.78,"Figure2-d","Rare-earths"
"281","Russia",2001,3.59,"Figure1-a","RUS",3.16,"Figure2-b","Organometallics"
"282","Russia",2001,3.59,"Figure1-a","RUS",9.96,"Figure2-d","Rare-earths"
"283","Russia",2002,3.17,"Figure1-a","RUS",2.71,"Figure2-b","Organometallics"
"284","Russia",2002,3.17,"Figure1-a","RUS",4.95,"Figure2-d","Rare-earths"
"285","Russia",2003,3.1,"Figure1-a","RUS",3.06,"Figure2-b","Organometallics"
"286","Russia",2003,3.1,"Figure1-a","RUS",4.96,"Figure2-d","Rare-earths"
"287","Russia",2004,2.96,"Figure1-a","RUS",2.67,"Figure2-b","Organometallics"
"288","Russia",2004,2.96,"Figure1-a","RUS",4.65,"Figure2-d","Rare-earths"
"289","Russia",2005,3.4,"Figure1-a","RUS",3.47,"Figure2-b","Organometallics"
"290","Russia",2005,3.4,"Figure1-a","RUS",6.32,"Figure2-d","Rare-earths"
"291","Russia",2006,3.01,"Figure1-a","RUS",3.36,"Figure2-b","Organometallics"
"292","Russia",2006,3.01,"Figure1-a","RUS",7.92,"Figure2-d","Rare-earths"
"293","Russia",2007,3.29,"Figure1-a","RUS",3.43,"Figure2-b","Organometallics"
"294","Russia",2007,3.29,"Figure1-a","RUS",8.41,"Figure2-d","Rare-earths"
"295","Russia",2008,2.79,"Figure1-a","RUS",3.07,"Figure2-b","Organometallics"
"296","Russia",2008,2.79,"Figure1-a","RUS",5.95,"Figure2-d","Rare-earths"
"297","Russia",2009,2.81,"Figure1-a","RUS",3.24,"Figure2-b","Organometallics"
"298","Russia",2009,2.81,"Figure1-a","RUS",5.92,"Figure2-d","Rare-earths"
"299","Russia",2010,2.54,"Figure1-a","RUS",3.34,"Figure2-b","Organometallics"
"300","Russia",2010,2.54,"Figure1-a","RUS",7.45,"Figure2-d","Rare-earths"
"301","Russia",2011,2.54,"Figure1-a","RUS",3.27,"Figure2-b","Organometallics"
"302","Russia",2011,2.54,"Figure1-a","RUS",7.55,"Figure2-d","Rare-earths"
"303","Russia",2012,2.29,"Figure1-a","RUS",3.11,"Figure2-b","Organometallics"
"304","Russia",2012,2.29,"Figure1-a","RUS",6.3,"Figure2-d","Rare-earths"
"305","Russia",2013,2.15,"Figure1-a","RUS",2.98,"Figure2-b","Organometallics"
"306","Russia",2013,2.15,"Figure1-a","RUS",4.77,"Figure2-d","Rare-earths"
"307","Russia",2014,2.15,"Figure1-a","RUS",2.63,"Figure2-b","Organometallics"
"308","Russia",2014,2.15,"Figure1-a","RUS",4.31,"Figure2-d","Rare-earths"
"309","Russia",2015,2.51,"Figure1-a","RUS",3.04,"Figure2-b","Organometallics"
"310","Russia",2015,2.51,"Figure1-a","RUS",5.41,"Figure2-d","Rare-earths"
"311","Russia",2016,2.65,"Figure1-a","RUS",3.36,"Figure2-b","Organometallics"
"312","Russia",2016,2.65,"Figure1-a","RUS",7.66,"Figure2-d","Rare-earths"
"313","Russia",2017,2.87,"Figure1-a","RUS",3.68,"Figure2-b","Organometallics"
"314","Russia",2017,2.87,"Figure1-a","RUS",6.94,"Figure2-d","Rare-earths"
"315","Russia",2018,2.97,"Figure1-a","RUS",4.09,"Figure2-b","Organometallics"
"316","Russia",2018,2.97,"Figure1-a","RUS",8.71,"Figure2-d","Rare-earths"
"317","Russia",2019,3.07,"Figure1-a","RUS",4.22,"Figure2-b","Organometallics"
"318","Russia",2019,3.07,"Figure1-a","RUS",9.82,"Figure2-d","Rare-earths"
"319","Russia",2020,3.03,"Figure1-a","RUS",4.76,"Figure2-b","Organometallics"
"320","Russia",2020,3.03,"Figure1-a","RUS",7.5,"Figure2-d","Rare-earths"
"321","Russia",2021,2.95,"Figure1-a","RUS",4.26,"Figure2-b","Organometallics"
"322","Russia",2021,2.95,"Figure1-a","RUS",10.5,"Figure2-d","Rare-earths"
"323","Russia",2022,2.88,"Figure1-a","RUS",5.19,"Figure2-b","Organometallics"
"324","Russia",2022,2.88,"Figure1-a","RUS",9.84,"Figure2-d","Rare-earths"
"325","UK",1996,4.24,"Figure1-a","GBR",3.79,"Figure2-b","Organometallics"
"326","UK",1996,4.24,"Figure1-a","GBR",3.5,"Figure2-d","Rare-earths"
"327","UK",1997,4.11,"Figure1-a","GBR",4.26,"Figure2-b","Organometallics"
"328","UK",1997,4.11,"Figure1-a","GBR",3.24,"Figure2-d","Rare-earths"
"329","UK",1998,4.17,"Figure1-a","GBR",4.26,"Figure2-b","Organometallics"
"330","UK",1998,4.17,"Figure1-a","GBR",2.68,"Figure2-d","Rare-earths"
"331","UK",1999,4.17,"Figure1-a","GBR",4.37,"Figure2-b","Organometallics"
"332","UK",1999,4.17,"Figure1-a","GBR",2.11,"Figure2-d","Rare-earths"
"333","UK",2000,6.36,"Figure1-a","GBR",7.96,"Figure2-b","Organometallics"
"334","UK",2000,6.36,"Figure1-a","GBR",5.32,"Figure2-d","Rare-earths"
"335","UK",2001,5.92,"Figure1-a","GBR",6.76,"Figure2-b","Organometallics"
"336","UK",2001,5.92,"Figure1-a","GBR",2.81,"Figure2-d","Rare-earths"
"337","UK",2002,5.14,"Figure1-a","GBR",6.93,"Figure2-b","Organometallics"
"338","UK",2002,5.14,"Figure1-a","GBR",3.67,"Figure2-d","Rare-earths"
"339","UK",2003,5.31,"Figure1-a","GBR",6.98,"Figure2-b","Organometallics"
"340","UK",2003,5.31,"Figure1-a","GBR",4.96,"Figure2-d","Rare-earths"
"341","UK",2004,5.18,"Figure1-a","GBR",7.37,"Figure2-b","Organometallics"
"342","UK",2004,5.18,"Figure1-a","GBR",6.96,"Figure2-d","Rare-earths"
"343","UK",2005,5.03,"Figure1-a","GBR",6,"Figure2-b","Organometallics"
"344","UK",2005,5.03,"Figure1-a","GBR",4.33,"Figure2-d","Rare-earths"
"345","UK",2006,5.06,"Figure1-a","GBR",7.61,"Figure2-b","Organometallics"
"346","UK",2006,5.06,"Figure1-a","GBR",3.82,"Figure2-d","Rare-earths"
"347","UK",2007,5.13,"Figure1-a","GBR",6.81,"Figure2-b","Organometallics"
"348","UK",2007,5.13,"Figure1-a","GBR",4.37,"Figure2-d","Rare-earths"
"349","UK",2008,4.97,"Figure1-a","GBR",6.08,"Figure2-b","Organometallics"
"350","UK",2008,4.97,"Figure1-a","GBR",3.33,"Figure2-d","Rare-earths"
"351","UK",2009,4.66,"Figure1-a","GBR",5.8,"Figure2-b","Organometallics"
"352","UK",2009,4.66,"Figure1-a","GBR",3.17,"Figure2-d","Rare-earths"
"353","UK",2010,4.49,"Figure1-a","GBR",6.32,"Figure2-b","Organometallics"
"354","UK",2010,4.49,"Figure1-a","GBR",3.42,"Figure2-d","Rare-earths"
"355","UK",2011,4.59,"Figure1-a","GBR",6.33,"Figure2-b","Organometallics"
"356","UK",2011,4.59,"Figure1-a","GBR",2.85,"Figure2-d","Rare-earths"
"357","UK",2012,4.28,"Figure1-a","GBR",5.49,"Figure2-b","Organometallics"
"358","UK",2012,4.28,"Figure1-a","GBR",3.23,"Figure2-d","Rare-earths"
"359","UK",2013,4.1,"Figure1-a","GBR",5.24,"Figure2-b","Organometallics"
"360","UK",2013,4.1,"Figure1-a","GBR",3.36,"Figure2-d","Rare-earths"
"361","UK",2014,3.84,"Figure1-a","GBR",5.31,"Figure2-b","Organometallics"
"362","UK",2014,3.84,"Figure1-a","GBR",3.58,"Figure2-d","Rare-earths"
"363","UK",2015,3.93,"Figure1-a","GBR",5.39,"Figure2-b","Organometallics"
"364","UK",2015,3.93,"Figure1-a","GBR",3.11,"Figure2-d","Rare-earths"
"365","UK",2016,3.99,"Figure1-a","GBR",4.9,"Figure2-b","Organometallics"
"366","UK",2016,3.99,"Figure1-a","GBR",2.6,"Figure2-d","Rare-earths"
"367","UK",2017,3.82,"Figure1-a","GBR",5.05,"Figure2-b","Organometallics"
"368","UK",2017,3.82,"Figure1-a","GBR",2.73,"Figure2-d","Rare-earths"
"369","UK",2018,3.4,"Figure1-a","GBR",5.19,"Figure2-b","Organometallics"
"370","UK",2018,3.4,"Figure1-a","GBR",3.41,"Figure2-d","Rare-earths"
"371","UK",2019,3.29,"Figure1-a","GBR",5.23,"Figure2-b","Organometallics"
"372","UK",2019,3.29,"Figure1-a","GBR",2.46,"Figure2-d","Rare-earths"
"373","UK",2020,3.17,"Figure1-a","GBR",4.03,"Figure2-b","Organometallics"
"374","UK",2020,3.17,"Figure1-a","GBR",2.58,"Figure2-d","Rare-earths"
"375","UK",2021,2.74,"Figure1-a","GBR",4.35,"Figure2-b","Organometallics"
"376","UK",2021,2.74,"Figure1-a","GBR",2.19,"Figure2-d","Rare-earths"
"377","UK",2022,2.71,"Figure1-a","GBR",4.24,"Figure2-b","Organometallics"
"378","UK",2022,2.71,"Figure1-a","GBR",2.31,"Figure2-d","Rare-earths"
"379","France",1996,5.34,"Figure1-a","FRA",3.71,"Figure2-b","Organometallics"
"380","France",1996,5.34,"Figure1-a","FRA",7.03,"Figure2-d","Rare-earths"
"381","France",1997,5.58,"Figure1-a","FRA",3.41,"Figure2-b","Organometallics"
"382","France",1997,5.58,"Figure1-a","FRA",7.42,"Figure2-d","Rare-earths"
"383","France",1998,5.56,"Figure1-a","FRA",3.56,"Figure2-b","Organometallics"
"384","France",1998,5.56,"Figure1-a","FRA",7.77,"Figure2-d","Rare-earths"
"385","France",1999,5.53,"Figure1-a","FRA",3.59,"Figure2-b","Organometallics"
"386","France",1999,5.53,"Figure1-a","FRA",7.14,"Figure2-d","Rare-earths"
"387","France",2000,5.82,"Figure1-a","FRA",3.87,"Figure2-b","Organometallics"
"388","France",2000,5.82,"Figure1-a","FRA",6.83,"Figure2-d","Rare-earths"
"389","France",2001,5.39,"Figure1-a","FRA",4.29,"Figure2-b","Organometallics"
"390","France",2001,5.39,"Figure1-a","FRA",7.51,"Figure2-d","Rare-earths"
"391","France",2002,5.22,"Figure1-a","FRA",5.21,"Figure2-b","Organometallics"
"392","France",2002,5.22,"Figure1-a","FRA",9.41,"Figure2-d","Rare-earths"
"393","France",2003,4.95,"Figure1-a","FRA",4.98,"Figure2-b","Organometallics"
"394","France",2003,4.95,"Figure1-a","FRA",7.1,"Figure2-d","Rare-earths"
"395","France",2004,4.43,"Figure1-a","FRA",4.3,"Figure2-b","Organometallics"
"396","France",2004,4.43,"Figure1-a","FRA",5.14,"Figure2-d","Rare-earths"
"397","France",2005,4.57,"Figure1-a","FRA",4.75,"Figure2-b","Organometallics"
"398","France",2005,4.57,"Figure1-a","FRA",7.05,"Figure2-d","Rare-earths"
"399","France",2006,4.8,"Figure1-a","FRA",5.15,"Figure2-b","Organometallics"
"400","France",2006,4.8,"Figure1-a","FRA",5.31,"Figure2-d","Rare-earths"
"401","France",2007,4.79,"Figure1-a","FRA",5.52,"Figure2-b","Organometallics"
"402","France",2007,4.79,"Figure1-a","FRA",4.43,"Figure2-d","Rare-earths"
"403","France",2008,4.45,"Figure1-a","FRA",4.23,"Figure2-b","Organometallics"
"404","France",2008,4.45,"Figure1-a","FRA",5.71,"Figure2-d","Rare-earths"
"405","France",2009,4.55,"Figure1-a","FRA",4.68,"Figure2-b","Organometallics"
"406","France",2009,4.55,"Figure1-a","FRA",6.05,"Figure2-d","Rare-earths"
"407","France",2010,4.29,"Figure1-a","FRA",4.78,"Figure2-b","Organometallics"
"408","France",2010,4.29,"Figure1-a","FRA",5.77,"Figure2-d","Rare-earths"
"409","France",2011,4.2,"Figure1-a","FRA",4.45,"Figure2-b","Organometallics"
"410","France",2011,4.2,"Figure1-a","FRA",5.2,"Figure2-d","Rare-earths"
"411","France",2012,4.1,"Figure1-a","FRA",4.64,"Figure2-b","Organometallics"
"412","France",2012,4.1,"Figure1-a","FRA",6.21,"Figure2-d","Rare-earths"
"413","France",2013,3.97,"Figure1-a","FRA",4.63,"Figure2-b","Organometallics"
"414","France",2013,3.97,"Figure1-a","FRA",5.71,"Figure2-d","Rare-earths"
"415","France",2014,3.71,"Figure1-a","FRA",4.62,"Figure2-b","Organometallics"
"416","France",2014,3.71,"Figure1-a","FRA",5.35,"Figure2-d","Rare-earths"
"417","France",2015,3.38,"Figure1-a","FRA",3.97,"Figure2-b","Organometallics"
"418","France",2015,3.38,"Figure1-a","FRA",4.01,"Figure2-d","Rare-earths"
"419","France",2016,3.34,"Figure1-a","FRA",3.73,"Figure2-b","Organometallics"
"420","France",2016,3.34,"Figure1-a","FRA",3.74,"Figure2-d","Rare-earths"
"421","France",2017,3.1,"Figure1-a","FRA",3.89,"Figure2-b","Organometallics"
"422","France",2017,3.1,"Figure1-a","FRA",4.23,"Figure2-d","Rare-earths"
"423","France",2018,3.03,"Figure1-a","FRA",3.75,"Figure2-b","Organometallics"
"424","France",2018,3.03,"Figure1-a","FRA",4.13,"Figure2-d","Rare-earths"
"425","France",2019,2.54,"Figure1-a","FRA",3.18,"Figure2-b","Organometallics"
"426","France",2019,2.54,"Figure1-a","FRA",4.52,"Figure2-d","Rare-earths"
"427","France",2020,2.67,"Figure1-a","FRA",3.98,"Figure2-b","Organometallics"
"428","France",2020,2.67,"Figure1-a","FRA",4.54,"Figure2-d","Rare-earths"
"429","France",2021,2.55,"Figure1-a","FRA",3.93,"Figure2-b","Organometallics"
"430","France",2021,2.55,"Figure1-a","FRA",3.74,"Figure2-d","Rare-earths"
"431","France",2022,2.25,"Figure1-a","FRA",3.31,"Figure2-b","Organometallics"
"432","France",2022,2.25,"Figure1-a","FRA",4.53,"Figure2-d","Rare-earths"
